{
  "af": 39.423269809428284,
  "am": 72.3159478435306,
  "ar": 45.046138415245736,
  "az": 40.80942828485456,
  "be": 58.16349047141424,
  "bg": 45.9307923771314,
  "bn": 56.324974924774324,
  "ca": 40.98896690070211,
  "ceb": 46.17953861584754,
  "cs": 40.44433299899699,
  "cy": 53.81243731193581,
  "da": 37.226680040120364,
  "de": 41.132397191574725,
  "el": 56.951855566700104,
  "en": 31.8555667001003,
  "eo": 41.684052156469406,
  "es": 40.72617853560682,
  "et": 38.566700100300906,
  "eu": 37.598796389167504,
  "fa": 44.47743229689067,
  "fi": 40.81845536609829,
  "fil": 46.18054162487462,
  "fr": 43.948846539618856,
  "ga": 53.767301905717154,
  "gd": 60.16449348044132,
  "gl": 38.1654964894684,
  "gu": 59.99398194583751,
  "ha": 47.28686058174524,
  "hi": 57.321965897693076,
  "ht": 41.770310932798395,
  "hu": 43.74022066198596,
  "hy": 53.485456369107325,
  "id": 32.6308926780341,
  "ig": 58.29488465396189,
  "is": 40.9307923771314,
  "it": 40.952858575727184,
  "iw": 42.4493480441324,
  "ja": 46.5456369107322,
  "jv": 40.71013039117352,
  "ka": 67.71113340020061,
  "kk": 47.246740220661984,
  "km": 77.36409227683049,
  "kn": 61.641925777332,
  "ko": 47.68605817452357,
  "ku": 49.160481444333,
  "ky": 48.2457372116349,
  "lb": 48.773319959879636,
  "lo": 82.53059177532597,
  "lt": 40.73721163490472,
  "lv": 42.80240722166499,
  "mg": 55.138415245737214,
  "mi": 55.053159478435305,
  "mk": 44.01905717151455,
  "ml": 64.74222668004012,
  "mn": 51.760280842527585,
  "mr": 64.6469408224674,
  "ms": 33.55466399197593,
  "mt": 56.93480441323972,
  "my": 87.54162487462388,
  "ne": 56.00100300902708,
  "nl": 38.07622868605817,
  "no": 35.83350050150452,
  "ny": 49.67001003009027,
  "pa": 64.38615847542629,
  "pl": 43.84052156469408,
  "ps": 52.44032096288866,
  "pt": 37.87061183550652,
  "ro": 43.671013039117355,
  "ru": 49.32296890672016,
  "sd": 61.64292878635908,
  "si": 69.10531594784354,
  "sk": 40.860581745235706,
  "sl": 39.83149448345035,
  "sm": 59.7271815446339,
  "sn": 51.11434302908726,
  "so": 45.79739217652959,
  "sq": 42.98094282848545,
  "sr": 46.65295887662989,
  "st": 54.54663991975928,
  "su": 42.33299899699097,
  "sv": 36.692076228686055,
  "sw": 38.80842527582748,
  "ta": 62.418254764292875,
  "te": 62.116349047141426,
  "tg": 58.778335005015045,
  "th": 54.585757271815446,
  "tr": 36.85456369107322,
  "uk": 49.49047141424273,
  "ur": 45.37211634904714,
  "uz": 45.69408224674022,
  "vi": 39.92778335005015,
  "xh": 50.56870611835507,
  "yi": 65.63691073219658,
  "yo": 68.05015045135406,
  "zh": 36.09829488465396,
  "zu": 51.680040120361085
}