{
  "af": 40.38114343029087,
  "am": 73.44032096288866,
  "ar": 49.132397191574725,
  "az": 42.01303911735206,
  "be": 58.91073219658977,
  "bg": 50.36308926780341,
  "bn": 57.73921765295888,
  "ca": 41.680040120361085,
  "ceb": 46.494483450351055,
  "cs": 41.46138415245737,
  "cy": 54.35105315947843,
  "da": 38.23470411233701,
  "de": 42.10330992978937,
  "el": 58.61885656970913,
  "en": 33.44834503510532,
  "eo": 42.36810431293882,
  "es": 42.16148445336008,
  "et": 40.11735205616851,
  "eu": 38.855566700100304,
  "fa": 46.98595787362086,
  "fi": 41.676028084252756,
  "fil": 46.70110330992979,
  "fr": 44.45135406218656,
  "ga": 54.44433299899699,
  "gd": 61.29889669007021,
  "gl": 39.29689067201605,
  "gu": 60.73219658976931,
  "ha": 47.495486459378135,
  "hi": 61.965897693079235,
  "ht": 42.16649949849548,
  "hu": 45.82447342026078,
  "hy": 56.229689067201605,
  "id": 34.36810431293882,
  "ig": 58.35907723169508,
  "is": 41.500501504513544,
  "it": 41.85356068204614,
  "iw": 53.134403209628886,
  "ja": 54.29287863590773,
  "jv": 41.44633901705115,
  "ka": 71.66700100300903,
  "kk": 50.00702106318957,
  "km": 77.876629889669,
  "kn": 63.01103309929789,
  "ko": 50.29588766298897,
  "ku": 49.30391173520562,
  "ky": 50.02407221664995,
  "lb": 49.72316950852558,
  "lo": 82.57472417251755,
  "lt": 41.96088264794383,
  "lv": 45.10832497492478,
  "mg": 55.26880641925777,
  "mi": 57.66198595787362,
  "mk": 46.2728184553661,
  "ml": 78.20160481444333,
  "mn": 55.851554663991976,
  "mr": 66.13440320962889,
  "ms": 35.582748244734205,
  "mt": 57.142427281845535,
  "my": 87.55065195586761,
  "ne": 63.67001003009027,
  "nl": 39.01003009027081,
  "no": 36.486459378134406,
  "ny": 49.90772316950853,
  "pa": 65.43430290872618,
  "pl": 45.140421263791374,
  "ps": 53.76629889669007,
  "pt": 38.85356068204614,
  "ro": 45.418254764292875,
  "ru": 55.35707121364092,
  "sd": 62.027081243731196,
  "si": 75.8615847542628,
  "sk": 42.053159478435305,
  "sl": 41.85255767301906,
  "sm": 59.83751253761284,
  "sn": 51.237713139418254,
  "so": 47.0,
  "sq": 44.10531594784353,
  "sr": 48.19458375125376,
  "st": 54.672016048144435,
  "su": 42.92477432296891,
  "sv": 37.83650952858576,
  "sw": 40.63791374122367,
  "ta": 67.52056168505517,
  "te": 64.19458375125376,
  "tg": 59.01103309929789,
  "th": 67.37612838515547,
  "tr": 37.88665997993982,
  "uk": 51.83249749247743,
  "ur": 47.481444332999,
  "uz": 46.02006018054163,
  "vi": 42.505516549648945,
  "xh": 50.80842527582748,
  "yi": 68.59578736208626,
  "yo": 68.15245737211634,
  "zh": 39.47743229689067,
  "zu": 51.97091273821464
}