{
  "af": 41.518555667001,
  "am": 76.75025075225678,
  "ar": 55.398194583751255,
  "az": 44.855566700100304,
  "be": 62.94182547642929,
  "bg": 55.61584754262788,
  "bn": 64.03009027081244,
  "ca": 42.777331995987964,
  "ceb": 47.034102306920765,
  "cs": 43.89067201604814,
  "cy": 54.42828485456369,
  "da": 40.24272818455366,
  "de": 43.6308926780341,
  "el": 65.61384152457371,
  "en": 35.223671013039116,
  "eo": 43.42728184553661,
  "es": 44.17853560682046,
  "et": 41.46740220661986,
  "eu": 41.08826479438315,
  "fa": 51.96690070210632,
  "fi": 43.37913741223671,
  "fil": 48.19057171514544,
  "fr": 45.81945837512538,
  "ga": 54.70511534603811,
  "gd": 61.34403209628886,
  "gl": 41.423269809428284,
  "gu": 66.98796389167502,
  "ha": 47.788365095285855,
  "hi": 72.58475426278837,
  "ht": 42.41123370110331,
  "hu": 47.47141424272819,
  "hy": 65.98094282848545,
  "id": 35.98796389167502,
  "ig": 58.405215646940825,
  "is": 42.55165496489468,
  "it": 43.45135406218656,
  "iw": 72.78335005015045,
  "ja": 54.513540621865594,
  "jv": 42.19057171514544,
  "ka": 75.66399197592779,
  "kk": 56.048144433299896,
  "km": 82.9147442326981,
  "kn": 67.73019057171514,
  "ko": 52.09227683049147,
  "ku": 49.64794383149448,
  "ky": 56.33099297893681,
  "lb": 50.31394182547643,
  "lo": 86.11835506519559,
  "lt": 43.79939819458375,
  "lv": 48.00702106318957,
  "mg": 55.422266800401204,
  "mi": 57.72016048144433,
  "mk": 51.23570712136409,
  "ml": 107.9247743229689,
  "mn": 62.08224674022066,
  "mr": 74.80541624874624,
  "ms": 37.488465396188566,
  "mt": 57.610832497492474,
  "my": 87.55065195586761,
  "ne": 75.56970912738214,
  "nl": 40.66700100300903,
  "no": 38.414242728184554,
  "ny": 50.07622868605817,
  "pa": 68.69307923771314,
  "pl": 48.131394182547645,
  "ps": 58.10130391173521,
  "pt": 40.56268806419258,
  "ro": 47.115346038114346,
  "ru": 61.58074222668004,
  "sd": 64.80541624874624,
  "si": 87.99297893681043,
  "sk": 43.82447342026078,
  "sl": 43.28986960882648,
  "sm": 59.90672016048144,
  "sn": 51.45937813440321,
  "so": 47.10431293881645,
  "sq": 45.24874623871615,
  "sr": 51.957873620862586,
  "st": 54.73520561685055,
  "su": 43.39217652958877,
  "sv": 39.581745235707125,
  "sw": 42.52256770310933,
  "ta": 87.16349047141425,
  "te": 70.839518555667,
  "tg": 60.962888665997994,
  "th": 86.40020060180542,
  "tr": 39.61885656970913,
  "uk": 57.126379137412236,
  "ur": 51.99598796389167,
  "uz": 47.218655967903715,
  "vi": 47.582748244734205,
  "xh": 51.37813440320963,
  "yi": 78.53460381143431,
  "yo": 68.20461384152458,
  "zh": 40.144433299899696,
  "zu": 52.47642928786359
}