{
  "af": 44.03109327983952,
  "am": 67.28184553660984,
  "ar": 48.874623871614844,
  "az": 50.93279839518556,
  "be": 56.053159478435305,
  "bg": 48.14744232698094,
  "bn": 54.53360080240722,
  "ca": 46.08224674022066,
  "ceb": 47.237713139418254,
  "cs": 47.26780341023069,
  "cy": 52.97693079237713,
  "da": 43.72918756268806,
  "de": 46.37512537612839,
  "el": 55.34503510531595,
  "en": 39.18355065195587,
  "eo": 44.28084252758275,
  "es": 47.09428284854564,
  "et": 44.99398194583751,
  "eu": 45.048144433299896,
  "fa": 48.48445336008024,
  "fi": 46.860581745235706,
  "fil": 48.07823470411234,
  "fr": 48.485456369107325,
  "ga": 52.99699097291876,
  "gd": 59.62286860581745,
  "gl": 45.02006018054163,
  "gu": 57.47943831494484,
  "ha": 47.73019057171515,
  "hi": 55.91073219658977,
  "ht": 43.53360080240722,
  "hu": 48.690070210631895,
  "hy": 53.25275827482447,
  "id": 41.72216649949849,
  "ig": 57.73119358074223,
  "is": 46.224674022066196,
  "it": 46.478435305917756,
  "iw": 47.20762286860582,
  "ja": 49.239719157472415,
  "jv": 44.158475426278834,
  "ka": 64.39618856569709,
  "kk": 50.608826479438314,
  "km": 73.38415245737211,
  "kn": 58.84052156469408,
  "ko": 48.63189568706118,
  "ku": 50.47943831494484,
  "ky": 49.33801404212638,
  "lb": 51.97693079237713,
  "lo": 78.28284854563691,
  "lt": 46.2617853560682,
  "lv": 48.72818455366098,
  "mg": 55.30391173520562,
  "mi": 54.93681043129388,
  "mk": 47.33299899699097,
  "ml": 62.685055165496486,
  "mn": 50.74423269809428,
  "mr": 63.10130391173521,
  "ms": 42.787362086258774,
  "mt": 56.06820461384152,
  "my": 84.82447342026079,
  "ne": 54.415245737211634,
  "nl": 44.38716148445336,
  "no": 41.56770310932799,
  "ny": 49.96088264794383,
  "pa": 62.58074222668004,
  "pl": 49.38114343029087,
  "ps": 51.601805416248745,
  "pt": 44.29588766298897,
  "ro": 47.863590772316954,
  "ru": 50.34102306920762,
  "sd": 59.116349047141426,
  "si": 66.63390170511535,
  "sk": 47.478435305917756,
  "sl": 44.99297893681043,
  "sm": 59.33801404212638,
  "sn": 50.595787362086256,
  "so": 47.33199598796389,
  "sq": 48.51554663991976,
  "sr": 48.35907723169508,
  "st": 54.503510531594785,
  "su": 45.45837512537613,
  "sv": 42.63289869608826,
  "sw": 44.08726178535607,
  "ta": 59.54262788365095,
  "te": 59.84052156469408,
  "tg": 57.43931795386158,
  "th": 52.91073219658977,
  "tr": 46.37512537612839,
  "uk": 49.90872617853561,
  "ur": 48.767301905717154,
  "uz": 48.041123370110334,
  "vi": 52.07923771313942,
  "xh": 49.63490471414243,
  "yi": 62.98094282848545,
  "yo": 68.09729187562688,
  "zh": 40.414242728184554,
  "zu": 50.956870611835505
}