{
  "af": 41.944834503510535,
  "am": 67.2778335005015,
  "ar": 45.05616850551655,
  "az": 45.27081243731194,
  "be": 55.93179538615848,
  "bg": 45.16649949849548,
  "bn": 54.518555667001,
  "ca": 43.33801404212638,
  "ceb": 46.43129388164493,
  "cs": 43.500501504513544,
  "cy": 52.82447342026078,
  "da": 40.83550651955868,
  "de": 43.56569709127382,
  "el": 55.32296890672016,
  "en": 36.56268806419258,
  "eo": 41.8876629889669,
  "es": 43.57372116349047,
  "et": 41.586760280842526,
  "eu": 42.07221664994985,
  "fa": 44.68605817452357,
  "fi": 43.4543630892678,
  "fil": 46.957873620862586,
  "fr": 45.770310932798395,
  "ga": 52.875626880641924,
  "gd": 59.54262788365095,
  "gl": 41.98896690070211,
  "gu": 57.478435305917756,
  "ha": 46.78335005015045,
  "hi": 55.91073219658977,
  "ht": 42.89067201604814,
  "hu": 45.92678034102307,
  "hy": 53.25175526579739,
  "id": 39.15245737211635,
  "ig": 57.61985957873621,
  "is": 42.56469408224674,
  "it": 43.414242728184554,
  "iw": 43.035105315947845,
  "ja": 45.53961885656971,
  "jv": 42.61985957873621,
  "ka": 64.29889669007021,
  "kk": 45.494483450351055,
  "km": 73.34302908726178,
  "kn": 58.839518555667,
  "ko": 46.76629889669007,
  "ku": 50.20962888665998,
  "ky": 47.18355065195587,
  "lb": 51.44232698094283,
  "lo": 78.23370110330993,
  "lt": 43.144433299899696,
  "lv": 44.87963891675025,
  "mg": 55.16148445336008,
  "mi": 54.82748244734203,
  "mk": 43.97492477432297,
  "ml": 62.685055165496486,
  "mn": 49.81644934804413,
  "mr": 63.10130391173521,
  "ms": 40.510531594784354,
  "mt": 55.778335005015045,
  "my": 84.81243731193581,
  "ne": 54.3851554663992,
  "nl": 41.32998996990973,
  "no": 38.99899699097292,
  "ny": 49.685055165496486,
  "pa": 62.58074222668004,
  "pl": 45.49047141424273,
  "ps": 51.044132397191575,
  "pt": 41.26479438314945,
  "ro": 44.79037111334002,
  "ru": 47.866599799398195,
  "sd": 59.055165496489465,
  "si": 66.63189568706119,
  "sk": 43.75727181544634,
  "sl": 42.29087261785356,
  "sm": 59.237713139418254,
  "sn": 50.37713139418255,
  "so": 45.48345035105316,
  "sq": 46.80441323971916,
  "sr": 45.74824473420261,
  "st": 54.34102306920762,
  "su": 44.047141424272816,
  "sv": 39.99097291875627,
  "sw": 41.76429287863591,
  "ta": 59.53761283851555,
  "te": 59.82547642928786,
  "tg": 57.34804413239719,
  "th": 52.767301905717154,
  "tr": 42.28986960882648,
  "uk": 48.07422266800401,
  "ur": 44.87863590772317,
  "uz": 44.94282848545637,
  "vi": 43.6308926780341,
  "xh": 49.40320962888666,
  "yi": 62.91474423269809,
  "yo": 68.00200601805416,
  "zh": 39.45235707121364,
  "zu": 50.71815446339017
}