{
  "af": 39.949849548645936,
  "am": 76.74724172517553,
  "ar": 48.486459378134406,
  "az": 41.45636910732197,
  "be": 60.92377131394183,
  "bg": 49.52256770310933,
  "bn": 60.239719157472415,
  "ca": 41.416248746238715,
  "ceb": 46.45737211634905,
  "cs": 40.97993981945837,
  "cy": 54.34302908726178,
  "da": 37.6579739217653,
  "de": 41.866599799398195,
  "el": 61.15346038114343,
  "en": 32.415245737211634,
  "eo": 42.324974924774324,
  "es": 41.56870611835507,
  "et": 39.767301905717154,
  "eu": 38.17853560682046,
  "fa": 46.60682046138415,
  "fi": 41.231695085255765,
  "fil": 46.664994984954866,
  "fr": 44.29488465396189,
  "ga": 54.44433299899699,
  "gd": 61.29889669007021,
  "gl": 38.70812437311936,
  "gu": 64.72918756268807,
  "ha": 47.493480441323975,
  "hi": 72.38916750250752,
  "ht": 41.9839518555667,
  "hu": 45.566700100300906,
  "hy": 58.56870611835507,
  "id": 33.35606820461384,
  "ig": 58.35606820461384,
  "is": 41.25275827482447,
  "it": 41.47542627883651,
  "iw": 51.75526579739218,
  "ja": 54.141424272818455,
  "jv": 41.27081243731194,
  "ka": 76.30391173520562,
  "kk": 50.10431293881645,
  "km": 95.06118355065196,
  "kn": 66.9839518555667,
  "ko": 50.29588766298897,
  "ku": 49.300902708124376,
  "ky": 50.21664994984955,
  "lb": 49.692076228686055,
  "lo": 108.08926780341024,
  "lt": 41.60581745235707,
  "lv": 44.56369107321966,
  "mg": 55.26680040120361,
  "mi": 57.66198595787362,
  "mk": 45.97091273821464,
  "ml": 112.04613841524574,
  "mn": 56.85456369107322,
  "mr": 77.35105315947844,
  "ms": 34.415245737211634,
  "mt": 57.20561685055166,
  "my": 92.59177532597793,
  "ne": 74.50451354062187,
  "nl": 38.54262788365095,
  "no": 36.160481444333,
  "ny": 49.90571715145436,
  "pa": 68.01705115346039,
  "pl": 44.72617853560682,
  "ps": 54.028084252758276,
  "pt": 38.25175526579739,
  "ro": 45.047141424272816,
  "ru": 55.82848545636911,
  "sd": 63.041123370110334,
  "si": 99.6469408224674,
  "sk": 41.74924774322969,
  "sl": 41.10832497492478,
  "sm": 59.83650952858576,
  "sn": 51.239719157472415,
  "so": 47.0,
  "sq": 43.92577733199599,
  "sr": 48.17953861584754,
  "st": 54.672016048144435,
  "su": 42.762286860581746,
  "sv": 37.21664994984955,
  "sw": 40.11735205616851,
  "ta": 82.77432296890672,
  "te": 72.71213640922768,
  "tg": 59.90672016048144,
  "th": 79.99699097291875,
  "tr": 37.416248746238715,
  "uk": 52.27683049147442,
  "ur": 47.400200601805416,
  "uz": 46.00501504513541,
  "vi": 41.14744232698094,
  "xh": 50.81143430290873,
  "yi": 71.2938816449348,
  "yo": 68.15245737211634,
  "zh": 38.226680040120364,
  "zu": 52.00100300902708
}