{
  "af": 40.64994984954865,
  "am": 76.962888665998,
  "ar": 58.1925777331996,
  "az": 43.62387161484453,
  "be": 67.79037111334002,
  "bg": 57.01504513540622,
  "bn": 71.7382146439318,
  "ca": 41.98996990972919,
  "ceb": 46.929789368104316,
  "cs": 42.47141424272819,
  "cy": 54.423269809428284,
  "da": 38.61183550651956,
  "de": 42.89167502507522,
  "el": 80.13440320962889,
  "en": 33.47041123370111,
  "eo": 42.74924774322969,
  "es": 43.01905717151455,
  "et": 40.59679037111334,
  "eu": 39.45737211634905,
  "fa": 52.91775325977934,
  "fi": 42.45837512537613,
  "fil": 47.91374122367101,
  "fr": 45.3530591775326,
  "ga": 55.214643931795386,
  "gd": 61.417251755265795,
  "gl": 39.971915747241724,
  "gu": 79.32196589769308,
  "ha": 47.770310932798395,
  "hi": 96.97993981945838,
  "ht": 42.24272818455366,
  "hu": 46.91374122367101,
  "hy": 74.20661985957874,
  "id": 34.49147442326981,
  "ig": 58.39618856569709,
  "is": 41.951855566700104,
  "it": 42.407221664994985,
  "iw": 76.87061183550652,
  "ja": 54.45135406218656,
  "jv": 41.71313941825476,
  "ka": 99.40020060180542,
  "kk": 57.10230692076229,
  "km": 136.71815446339016,
  "kn": 83.63891675025076,
  "ko": 52.07321965897693,
  "ku": 49.62788365095286,
  "ky": 57.513540621865594,
  "lb": 49.957873620862586,
  "lo": 120.320962888666,
  "lt": 42.875626880641924,
  "lv": 46.89167502507522,
  "mg": 55.406218655967905,
  "mi": 57.71414242728184,
  "mk": 51.50852557673019,
  "ml": 126.61384152457371,
  "mn": 66.61785356068205,
  "mr": 102.23169508525577,
  "ms": 35.62286860581745,
  "mt": 57.786359077231694,
  "my": 111.53059177532597,
  "ne": 96.84052156469409,
  "nl": 39.319959879638915,
  "no": 36.78936810431294,
  "ny": 50.02306920762287,
  "pa": 79.35105315947844,
  "pl": 47.19157472417252,
  "ps": 61.33801404212638,
  "pt": 39.35205616850552,
  "ro": 46.46940822467402,
  "ru": 63.54162487462387,
  "sd": 68.02708124373119,
  "si": 109.15546639919759,
  "sk": 42.84052156469408,
  "sl": 42.506519558676025,
  "sm": 59.884653961885654,
  "sn": 51.407221664994985,
  "so": 47.08625877632899,
  "sq": 44.7542627883651,
  "sr": 53.17753259779338,
  "st": 55.685055165496486,
  "su": 43.054162487462385,
  "sv": 38.140421263791374,
  "sw": 41.3049147442327,
  "ta": 127.88565697091273,
  "te": 102.42126379137412,
  "tg": 64.71815446339016,
  "th": 111.09729187562688,
  "tr": 38.223671013039116,
  "uk": 59.61283851554664,
  "ur": 53.18455366098295,
  "uz": 47.17452357071214,
  "vi": 43.72016048144433,
  "xh": 51.32296890672016,
  "yi": 100.99197592778334,
  "yo": 68.29488465396189,
  "zh": 39.7432296890672,
  "zu": 52.499498495486456
}