{
  "af": 40.18455366098295,
  "am": 75.57973921765296,
  "ar": 49.17753259779338,
  "az": 41.671013039117355,
  "be": 59.9307923771314,
  "bg": 50.34403209628886,
  "bn": 58.518555667001,
  "ca": 41.58876629889669,
  "ceb": 46.48044132397192,
  "cs": 41.18856569709127,
  "cy": 54.34503510531595,
  "da": 37.88064192577733,
  "de": 41.99297893681043,
  "el": 59.61283851554664,
  "en": 32.89669007021063,
  "eo": 42.34603811434303,
  "es": 41.9037111334002,
  "et": 39.89669007021063,
  "eu": 38.52557673019057,
  "fa": 47.04914744232698,
  "fi": 41.49147442326981,
  "fil": 46.692076228686055,
  "fr": 44.408224674022065,
  "ga": 54.44433299899699,
  "gd": 61.29889669007021,
  "gl": 39.038114343029086,
  "gu": 62.15947843530592,
  "ha": 47.493480441323975,
  "hi": 66.0802407221665,
  "ht": 42.15747241725175,
  "hu": 45.70712136409227,
  "hy": 57.47141424272819,
  "id": 33.66900702106319,
  "ig": 58.35606820461384,
  "is": 41.40220661985958,
  "it": 41.65295887662989,
  "iw": 52.663991975927786,
  "ja": 54.24373119358074,
  "jv": 41.319959879638915,
  "ka": 73.30892678034103,
  "kk": 50.47943831494484,
  "km": 80.1384152457372,
  "kn": 64.12938816449348,
  "ko": 50.29588766298897,
  "ku": 49.300902708124376,
  "ky": 50.227683049147444,
  "lb": 49.72016048144433,
  "lo": 87.45536609829489,
  "lt": 41.81945837512538,
  "lv": 44.864593781344034,
  "mg": 55.26680040120361,
  "mi": 57.66198595787362,
  "mk": 46.27683049147442,
  "ml": 90.85757271815446,
  "mn": 56.43731193580742,
  "mr": 68.86659979939819,
  "ms": 34.89769307923771,
  "mt": 57.140421263791374,
  "my": 87.55065195586761,
  "ne": 67.52056168505517,
  "nl": 38.76529588766299,
  "no": 36.30591775325978,
  "ny": 49.90571715145436,
  "pa": 65.80140421263792,
  "pl": 44.947843530591776,
  "ps": 54.053159478435305,
  "pt": 38.55466399197593,
  "ro": 45.237713139418254,
  "ru": 55.875626880641924,
  "sd": 62.238716148445334,
  "si": 87.8074222668004,
  "sk": 41.93480441323972,
  "sl": 41.42026078234704,
  "sm": 59.83650952858576,
  "sn": 51.240722166499495,
  "so": 47.0,
  "sq": 44.09327983951856,
  "sr": 48.27482447342026,
  "st": 54.672016048144435,
  "su": 42.81745235707121,
  "sv": 37.584754262788366,
  "sw": 40.45035105315948,
  "ta": 75.0531594784353,
  "te": 67.679037111334,
  "tg": 59.37211634904714,
  "th": 72.92878635907724,
  "tr": 37.57071213640923,
  "uk": 52.19458375125376,
  "ur": 47.52657973921765,
  "uz": 46.02006018054163,
  "vi": 41.83249749247743,
  "xh": 50.80441323971916,
  "yi": 69.52758274824474,
  "yo": 68.15245737211634,
  "zh": 38.93279839518556,
  "zu": 51.972918756268804
}