{
  "af": 41.142427281845535,
  "am": 76.91675025075226,
  "ar": 56.41925777331996,
  "az": 44.211634904714145,
  "be": 65.00702106318957,
  "bg": 56.24172517552658,
  "bn": 69.75727181544634,
  "ca": 42.31394182547643,
  "ceb": 47.00401203610833,
  "cs": 43.115346038114346,
  "cy": 54.424272818455364,
  "da": 39.27683049147442,
  "de": 43.25977933801404,
  "el": 69.66399197592779,
  "en": 34.422266800401204,
  "eo": 43.15947843530592,
  "es": 43.41925777331996,
  "et": 40.90471414242728,
  "eu": 40.37111334002006,
  "fa": 51.97693079237713,
  "fi": 42.875626880641924,
  "fil": 48.34603811434303,
  "fr": 45.594784353059175,
  "ga": 55.10832497492478,
  "gd": 61.35406218655968,
  "gl": 40.42728184553661,
  "gu": 71.86559679037111,
  "ha": 47.73119358074223,
  "hi": 84.26479438314945,
  "ht": 42.37813440320963,
  "hu": 47.301905717151456,
  "hy": 69.4974924774323,
  "id": 35.08826479438315,
  "ig": 58.405215646940825,
  "is": 42.33400200601805,
  "it": 42.929789368104316,
  "iw": 74.52557673019056,
  "ja": 54.49147442326981,
  "jv": 41.841524573721166,
  "ka": 84.75125376128385,
  "kk": 56.88264794383149,
  "km": 106.50551654964895,
  "kn": 72.67402206619859,
  "ko": 52.15947843530592,
  "ku": 49.62988966900702,
  "ky": 57.27683049147442,
  "lb": 50.027081243731196,
  "lo": 110.18355065195587,
  "lt": 43.09127382146439,
  "lv": 47.54262788365095,
  "mg": 55.41925777331996,
  "mi": 57.73620862587763,
  "mk": 51.574724172517556,
  "ml": 116.05416248746239,
  "mn": 64.80040120361083,
  "mr": 88.46238716148446,
  "ms": 36.44433299899699,
  "mt": 57.863590772316954,
  "my": 90.73319959879639,
  "ne": 86.75325977933801,
  "nl": 39.96890672016048,
  "no": 37.408224674022065,
  "ny": 50.044132397191575,
  "pa": 73.23871614844533,
  "pl": 47.93681043129388,
  "ps": 59.98094282848545,
  "pt": 39.81544633901705,
  "ro": 46.7913741223671,
  "ru": 62.60581745235707,
  "sd": 66.57171514543631,
  "si": 101.62688064192578,
  "sk": 43.38014042126379,
  "sl": 42.76429287863591,
  "sm": 59.90471414242728,
  "sn": 51.39618856569709,
  "so": 47.0692076228686,
  "sq": 45.15245737211635,
  "sr": 52.81644934804413,
  "st": 55.53059177532598,
  "su": 43.17753259779338,
  "sv": 38.91775325977934,
  "sw": 41.78435305917753,
  "ta": 101.22668004012036,
  "te": 85.13039117352056,
  "tg": 62.89969909729187,
  "th": 96.5777331995988,
  "tr": 38.8234704112337,
  "uk": 58.15947843530592,
  "ur": 52.55265797392177,
  "uz": 47.11835506519559,
  "vi": 45.692076228686055,
  "xh": 51.324974924774324,
  "yi": 84.68906720160481,
  "yo": 68.31193580742227,
  "zh": 39.972918756268804,
  "zu": 52.42928786359077
}