{
  "af": 41.510531594784354,
  "am": 67.2778335005015,
  "ar": 45.7111334002006,
  "az": 44.98896690070211,
  "be": 56.52557673019057,
  "bg": 46.123370110330995,
  "bn": 54.98896690070211,
  "ca": 43.18054162487462,
  "ceb": 46.53861584754263,
  "cs": 43.28686058174524,
  "cy": 53.06720160481444,
  "da": 38.83550651955868,
  "de": 43.74423269809428,
  "el": 56.15646940822467,
  "en": 34.02206619859579,
  "eo": 41.73721163490472,
  "es": 43.212637913741226,
  "et": 40.410230692076226,
  "eu": 40.43931795386158,
  "fa": 45.328986960882645,
  "fi": 43.36108324974925,
  "fil": 47.18555667001003,
  "fr": 46.22567703109328,
  "ga": 52.98194583751254,
  "gd": 59.55967903711134,
  "gl": 41.425275827482444,
  "gu": 57.7542627883651,
  "ha": 46.92076228686058,
  "hi": 56.16950852557673,
  "ht": 42.862587763289866,
  "hu": 46.414242728184554,
  "hy": 54.478435305917756,
  "id": 34.875626880641924,
  "ig": 57.62788365095286,
  "is": 42.140421263791374,
  "it": 43.33199598796389,
  "iw": 42.674022066198596,
  "ja": 46.25476429287863,
  "jv": 41.82848545636911,
  "ka": 64.30090270812437,
  "kk": 46.80541624874624,
  "km": 73.35406218655967,
  "kn": 58.839518555667,
  "ko": 47.36710130391174,
  "ku": 50.27983951855567,
  "ky": 48.062186559679034,
  "lb": 51.55366098294885,
  "lo": 78.23871614844533,
  "lt": 42.97592778335005,
  "lv": 45.409227683049146,
  "mg": 55.17151454363089,
  "mi": 54.96890672016048,
  "mk": 44.81745235707121,
  "ml": 62.683049147442325,
  "mn": 51.148445336008024,
  "mr": 63.19057171514544,
  "ms": 36.20762286860582,
  "mt": 55.89669007021063,
  "my": 84.81544633901706,
  "ne": 54.855566700100304,
  "nl": 40.49047141424273,
  "no": 37.231695085255765,
  "ny": 49.697091273821464,
  "pa": 62.58074222668004,
  "pl": 46.641925777332,
  "ps": 51.45737211634905,
  "pt": 40.35506519558676,
  "ro": 45.08425275827482,
  "ru": 49.20160481444333,
  "sd": 59.12738214643932,
  "si": 66.63390170511535,
  "sk": 43.61785356068204,
  "sl": 41.786359077231694,
  "sm": 59.24473420260782,
  "sn": 50.42026078234704,
  "so": 45.9197592778335,
  "sq": 46.95987963891675,
  "sr": 46.4543630892678,
  "st": 54.35506519558676,
  "su": 43.33801404212638,
  "sv": 38.28686058174524,
  "sw": 39.674022066198596,
  "ta": 59.53761283851555,
  "te": 59.82748244734203,
  "tg": 57.493480441323975,
  "th": 54.37612838515547,
  "tr": 40.0320962888666,
  "uk": 49.125376128385156,
  "ur": 45.80240722166499,
  "uz": 45.54864593781344,
  "vi": 41.680040120361085,
  "xh": 49.54463390170512,
  "yi": 62.94383149448345,
  "yo": 68.01504513540623,
  "zh": 37.65195586760281,
  "zu": 50.88565697091274
}