{
  "af": 42.505516549648945,
  "am": 67.72617853560682,
  "ar": 48.20060180541625,
  "az": 47.99699097291876,
  "be": 58.61785356068204,
  "bg": 48.27482447342026,
  "bn": 59.601805416248745,
  "ca": 44.24974924774323,
  "ceb": 47.122367101303915,
  "cs": 45.09027081243731,
  "cy": 53.776328986960884,
  "da": 40.42728184553661,
  "de": 45.1123370110331,
  "el": 60.051153460381144,
  "en": 35.39317953861585,
  "eo": 42.63590772316951,
  "es": 44.92176529588766,
  "et": 41.93480441323972,
  "eu": 42.20361083249749,
  "fa": 48.01103309929789,
  "fi": 44.75827482447342,
  "fil": 48.07522567703109,
  "fr": 47.74423269809428,
  "ga": 53.423269809428284,
  "gd": 59.849548645937816,
  "gl": 42.88665997993982,
  "gu": 60.80240722166499,
  "ha": 47.8074222668004,
  "hi": 57.90571715145436,
  "ht": 43.17953861584754,
  "hu": 48.01303911735206,
  "hy": 58.12036108324975,
  "id": 36.8234704112337,
  "ig": 57.89869608826479,
  "is": 43.59679037111334,
  "it": 44.973921765295884,
  "iw": 44.683049147442325,
  "ja": 48.8345035105316,
  "jv": 42.65596790371114,
  "ka": 66.76228686058174,
  "kk": 50.74724172517553,
  "km": 73.41023069207623,
  "kn": 62.35105315947843,
  "ko": 49.47141424272819,
  "ku": 50.61785356068204,
  "ky": 50.486459378134406,
  "lb": 51.95085255767302,
  "lo": 78.31795386158475,
  "lt": 44.45737211634905,
  "lv": 47.37512537612839,
  "mg": 55.36409227683049,
  "mi": 55.19157472417252,
  "mk": 46.84353059177533,
  "ml": 64.52256770310933,
  "mn": 54.28084252758275,
  "mr": 64.59077231695085,
  "ms": 37.99899699097292,
  "mt": 57.14744232698094,
  "my": 84.83049147442327,
  "ne": 57.51554663991976,
  "nl": 41.80541624874624,
  "no": 38.398194583751255,
  "ny": 49.9839518555667,
  "pa": 64.61283851554664,
  "pl": 48.674022066198596,
  "ps": 53.79037111334002,
  "pt": 41.877632898696085,
  "ro": 46.54964894684052,
  "ru": 52.00902708124373,
  "sd": 60.16148445336008,
  "si": 67.40320962888666,
  "sk": 45.45737211634905,
  "sl": 43.222668004012036,
  "sm": 59.36008024072217,
  "sn": 51.02206619859579,
  "so": 47.046138415245736,
  "sq": 47.955867602808425,
  "sr": 48.400200601805416,
  "st": 54.481444332999,
  "su": 43.95987963891675,
  "sv": 39.663991975927786,
  "sw": 41.54463390170512,
  "ta": 62.7271815446339,
  "te": 62.47642928786359,
  "tg": 59.75626880641926,
  "th": 59.54864593781344,
  "tr": 42.24974924774323,
  "uk": 51.29889669007021,
  "ur": 49.01203610832498,
  "uz": 47.143430290872615,
  "vi": 45.218655967903715,
  "xh": 49.98094282848545,
  "yi": 63.939819458375126,
  "yo": 68.12437311935807,
  "zh": 39.09729187562688,
  "zu": 51.3691073219659
}