{
  "af": 40.786359077231694,
  "am": 67.27081243731193,
  "ar": 44.30692076228686,
  "az": 42.151454363089265,
  "be": 55.72316950852558,
  "bg": 44.602808425275825,
  "bn": 53.938816449348046,
  "ca": 42.052156469408224,
  "ceb": 46.038114343029086,
  "cs": 41.47141424272819,
  "cy": 52.55265797392177,
  "da": 37.74523570712137,
  "de": 42.1654964894684,
  "el": 54.683049147442325,
  "en": 32.74022066198596,
  "eo": 41.135406218655966,
  "es": 41.90672016048144,
  "et": 39.08926780341023,
  "eu": 38.85356068204614,
  "fa": 43.5506519558676,
  "fi": 41.84754262788365,
  "fil": 46.54162487462387,
  "fr": 45.042126379137414,
  "ga": 52.499498495486456,
  "gd": 59.220661985957875,
  "gl": 40.11434302908726,
  "gu": 57.15646940822467,
  "ha": 46.213640922768306,
  "hi": 55.90972918756269,
  "ht": 41.33099297893681,
  "hu": 44.19759277833501,
  "hy": 52.238716148445334,
  "id": 32.89669007021063,
  "ig": 57.11835506519559,
  "is": 41.01303911735206,
  "it": 42.052156469408224,
  "iw": 41.07622868605817,
  "ja": 45.25376128385155,
  "jv": 40.56068204613842,
  "ka": 64.04914744232698,
  "kk": 45.28084252758275,
  "km": 73.26379137412236,
  "kn": 58.691073219658975,
  "ko": 46.56469408224674,
  "ku": 48.18154463390171,
  "ky": 46.66198595787362,
  "lb": 50.92276830491475,
  "lo": 78.0481444332999,
  "lt": 41.47743229689067,
  "lv": 43.42126379137412,
  "mg": 54.328986960882645,
  "mi": 54.69608826479438,
  "mk": 43.09929789368104,
  "ml": 62.52256770310933,
  "mn": 49.592778335005015,
  "mr": 63.09829488465396,
  "ms": 33.72617853560682,
  "mt": 55.600802407221664,
  "my": 81.31695085255767,
  "ne": 54.34904714142427,
  "nl": 39.46439317953862,
  "no": 36.23470411233701,
  "ny": 49.19057171514544,
  "pa": 62.150451354062184,
  "pl": 44.759277833500505,
  "ps": 50.20962888665998,
  "pt": 39.06619859578736,
  "ro": 43.99297893681043,
  "ru": 47.682046138415245,
  "sd": 58.87963891675025,
  "si": 66.62186559679037,
  "sk": 41.89267803410231,
  "sl": 40.698094282848544,
  "sm": 58.64493480441324,
  "sn": 50.28485456369107,
  "so": 44.72918756268806,
  "sq": 43.954864593781345,
  "sr": 45.18054162487462,
  "st": 54.02206619859579,
  "su": 42.149448345035104,
  "sv": 37.36409227683049,
  "sw": 37.93279839518556,
  "ta": 59.44734202607823,
  "te": 59.17352056168505,
  "tg": 56.99699097291876,
  "th": 51.70611835506519,
  "tr": 38.149448345035104,
  "uk": 47.83149448345035,
  "ur": 44.00300902708124,
  "uz": 44.20160481444333,
  "vi": 39.93279839518556,
  "xh": 49.33299899699097,
  "yi": 62.6148445336008,
  "yo": 67.33500501504514,
  "zh": 36.62688064192578,
  "zu": 50.664994984954866
}