{
  "af": 41.70812437311936,
  "am": 67.2778335005015,
  "ar": 45.55667001003009,
  "az": 45.55967903711134,
  "be": 55.947843530591776,
  "bg": 45.80341023069207,
  "bn": 54.518555667001,
  "ca": 43.35506519558676,
  "ceb": 46.521564694082244,
  "cs": 43.55466399197593,
  "cy": 52.83249749247743,
  "da": 39.73721163490472,
  "de": 43.80441323971916,
  "el": 55.325977933801404,
  "en": 35.07923771313942,
  "eo": 41.89267803410231,
  "es": 43.53660982948846,
  "et": 41.00300902708124,
  "eu": 41.26680040120361,
  "fa": 45.204613841524576,
  "fi": 43.5616850551655,
  "fil": 47.11434302908726,
  "fr": 46.16850551654965,
  "ga": 52.87963891675025,
  "gd": 59.54864593781344,
  "gl": 41.7913741223671,
  "gu": 57.478435305917756,
  "ha": 46.88866599799398,
  "hi": 55.91073219658977,
  "ht": 42.883650952858574,
  "hu": 46.2567703109328,
  "hy": 53.25175526579739,
  "id": 36.68605817452357,
  "ig": 57.62587763289869,
  "is": 42.487462387161486,
  "it": 43.51755265797392,
  "iw": 43.03109327983952,
  "ja": 45.98696088264794,
  "jv": 42.21765295887663,
  "ka": 64.29889669007021,
  "kk": 46.502507522567704,
  "km": 73.3470411233701,
  "kn": 58.839518555667,
  "ko": 46.89969909729187,
  "ku": 50.26579739217653,
  "ky": 47.52457372116349,
  "lb": 51.50952858575727,
  "lo": 78.23470411233701,
  "lt": 43.213640922768306,
  "lv": 45.42828485456369,
  "mg": 55.1654964894684,
  "mi": 54.83049147442327,
  "mk": 44.63891675025075,
  "ml": 62.683049147442325,
  "mn": 49.84052156469408,
  "mr": 63.10130391173521,
  "ms": 38.054162487462385,
  "mt": 55.80341023069207,
  "my": 84.81243731193581,
  "ne": 54.3851554663992,
  "nl": 40.875626880641924,
  "no": 37.9358074222668,
  "ny": 49.69608826479438,
  "pa": 62.58074222668004,
  "pl": 46.398194583751255,
  "ps": 51.11334002006018,
  "pt": 40.74022066198596,
  "ro": 45.14643931795386,
  "ru": 48.47342026078235,
  "sd": 59.06720160481444,
  "si": 66.63189568706119,
  "sk": 43.868605817452355,
  "sl": 42.10230692076229,
  "sm": 59.237713139418254,
  "sn": 50.38716148445336,
  "so": 45.795386158475424,
  "sq": 46.9358074222668,
  "sr": 46.24373119358074,
  "st": 54.34904714142427,
  "su": 43.685055165496486,
  "sv": 39.09327983951856,
  "sw": 40.46940822467402,
  "ta": 59.53761283851555,
  "te": 59.82748244734203,
  "tg": 57.358074222668,
  "th": 52.767301905717154,
  "tr": 41.02908726178536,
  "uk": 48.51955867602808,
  "ur": 45.506519558676025,
  "uz": 45.52958876629889,
  "vi": 42.481444332999,
  "xh": 49.40320962888666,
  "yi": 62.92176529588766,
  "yo": 68.01003009027082,
  "zh": 38.72216649949849,
  "zu": 50.73520561685055
}