{
  "af": 43.12036108324975,
  "am": 67.283851554664,
  "ar": 48.494483450351055,
  "az": 49.070210631895684,
  "be": 56.681043129388165,
  "bg": 48.29388164493481,
  "bn": 55.43530591775326,
  "ca": 45.0962888665998,
  "ceb": 47.25075225677031,
  "cs": 46.02106318956871,
  "cy": 53.25576730190572,
  "da": 42.07923771313942,
  "de": 45.7542627883651,
  "el": 56.19458375125376,
  "en": 37.160481444333,
  "eo": 43.124373119358076,
  "es": 45.83249749247743,
  "et": 43.28184553660983,
  "eu": 43.56770310932799,
  "fa": 48.307923771313945,
  "fi": 45.75626880641926,
  "fil": 48.12036108324975,
  "fr": 48.16349047141424,
  "ga": 53.136409227683046,
  "gd": 59.63189568706118,
  "gl": 43.672016048144435,
  "gu": 57.48044132397192,
  "ha": 47.79037111334002,
  "hi": 55.954864593781345,
  "ht": 43.398194583751255,
  "hu": 48.48244734202608,
  "hy": 55.53259779338014,
  "id": 39.00200601805416,
  "ig": 57.72918756268806,
  "is": 44.671013039117355,
  "it": 45.663991975927786,
  "iw": 45.53059177532598,
  "ja": 49.070210631895684,
  "jv": 43.36308926780341,
  "ka": 64.40220661985958,
  "kk": 50.70210631895687,
  "km": 73.40722166499498,
  "kn": 58.841524573721166,
  "ko": 49.39317953861585,
  "ku": 50.55466399197593,
  "ky": 50.21063189568706,
  "lb": 52.01805416248746,
  "lo": 78.3149448345035,
  "lt": 45.27382146439318,
  "lv": 47.874623871614844,
  "mg": 55.300902708124376,
  "mi": 55.09528585757272,
  "mk": 47.133400200601805,
  "ml": 62.685055165496486,
  "mn": 53.07823470411234,
  "mr": 63.10531594784353,
  "ms": 40.28986960882648,
  "mt": 56.09127382146439,
  "my": 84.82948846539618,
  "ne": 54.87963891675025,
  "nl": 42.9037111334002,
  "no": 39.98996990972919,
  "ny": 50.037111334002006,
  "pa": 62.584754262788366,
  "pl": 49.135406218655966,
  "ps": 52.72918756268806,
  "pt": 42.873620862587764,
  "ro": 47.16750250752257,
  "ru": 51.641925777332,
  "sd": 59.38816449348044,
  "si": 66.63490471414242,
  "sk": 46.36208625877633,
  "sl": 43.88064192577733,
  "sm": 59.36308926780341,
  "sn": 50.99297893681043,
  "so": 47.314944834503514,
  "sq": 48.37011033099298,
  "sr": 48.493480441323975,
  "st": 54.495486459378135,
  "su": 44.73520561685055,
  "sv": 41.0692076228686,
  "sw": 43.02106318956871,
  "ta": 59.54363089267803,
  "te": 59.84553660982949,
  "tg": 57.53560682046138,
  "th": 55.864593781344034,
  "tr": 44.318956870611835,
  "uk": 50.55767301905717,
  "ur": 48.92477432296891,
  "uz": 47.61183550651956,
  "vi": 48.485456369107325,
  "xh": 49.89869608826479,
  "yi": 63.01805416248746,
  "yo": 68.12036108324975,
  "zh": 39.72316950852558,
  "zu": 51.211634904714145
}